{"is_source_file": false, "format": "", "description": "", "external_files": [], "external_methods": [], "published": [], "classes": [], "methods": [], "calls": [], "search-terms": [], "state": 2, "file_id": 19, "knowledge_revision": 22, "git_revision": "c53cc07b895898d1991a6320d52f1cb4c09eb74f", "hash": "b2d2c65a60e930d8230c388cbc252aa1", "format-version": 4, "code-base-name": "tic_tac_toe_frontend", "filename": "README.md", "revision_history": [{"22": "c53cc07b895898d1991a6320d52f1cb4c09eb74f"}]}