{"is_source_file": false, "format": null, "description": "", "external_files": [], "external_methods": [], "published": [], "classes": [], "methods": [], "calls": [], "search-terms": [], "state": 2, "file_id": 15, "knowledge_revision": 17, "git_revision": "0d9701e202368f629edc874739b4566d4c963a29", "hash": "d9d975cebe2ec20b6c652e1e4c12ccf0", "format-version": 4, "code-base-name": "tic_tac_toe_frontend", "filename": "tic_tac_toe_frontend/public/manifest.json", "revision_history": [{"17": "0d9701e202368f629edc874739b4566d4c963a29"}]}