{"is_source_file": true, "format": "JavaScript (React JSX)", "description": "This file serves as the entry point for a React application, rendering the main <App /> component into the DOM within a StrictMode wrapper.", "external_files": ["react", "react-dom/client", "./index.css", "./App"], "external_methods": ["ReactDOM.createRoot", "root.render"], "published": [], "classes": [], "methods": [{"name": "ReactDOM.createRoot", "description": "Creates a React root for rendering the React component tree."}, {"name": "root.render", "description": "Renders the React component into the DOM element."}], "calls": ["ReactDOM.createRoot", "root.render", "<React.StrictMode>", "<App />"], "search-terms": ["React", "ReactDOM", "index.js", "entry point", "render", "App component", "StrictMode"], "state": 2, "file_id": 12, "knowledge_revision": 26, "git_revision": "0d9701e202368f629edc874739b4566d4c963a29", "ctags": [{"_type": "tag", "name": "root", "path": "/home/kavia/workspace/code-generation/tic-tac-toe-classic-317793-317803/tic_tac_toe_frontend/src/index.js", "pattern": "/^const root = ReactDOM.createRoot(document.getElementById('root'));$/", "language": "JavaScript", "kind": "constant"}], "hash": "9fc5841375336fc175b49f8767a11383", "format-version": 4, "code-base-name": "tic_tac_toe_frontend", "filename": "tic_tac_toe_frontend/src/index.js", "revision_history": [{"26": "0d9701e202368f629edc874739b4566d4c963a29"}]}