{"is_source_file": false, "format": "", "description": "", "external_files": [], "external_methods": [], "published": [], "classes": [], "methods": [], "calls": [], "search-terms": ["CSS variables", "theme management", "light theme", "dark theme", "responsive design", "theme toggle button", "App-logo-spin"], "state": 2, "file_id": 10, "knowledge_revision": 21, "git_revision": "0d9701e202368f629edc874739b4566d4c963a29", "hash": "22f9e17cc1848b56dbb244518ac2707e", "format-version": 4, "code-base-name": "tic_tac_toe_frontend", "filename": "tic_tac_toe_frontend/src/App.css", "revision_history": [{"21": "0d9701e202368f629edc874739b4566d4c963a29"}]}