{"is_source_file": false, "format": "CSS", "description": "This file contains CSS styles for styling the index page and code elements of the project.", "external_files": [], "external_methods": [], "published": [], "classes": [], "methods": [], "calls": [], "search-terms": ["index.css", "CSS styles", "styling", "font-family", "margin"], "state": 2, "file_id": 13, "knowledge_revision": 20, "git_revision": "0d9701e202368f629edc874739b4566d4c963a29", "hash": "6c2104b8d219ed99234ae2d6329f4357", "format-version": 4, "code-base-name": "tic_tac_toe_frontend", "filename": "tic_tac_toe_frontend/src/index.css", "revision_history": [{"20": "0d9701e202368f629edc874739b4566d4c963a29"}]}